OperationStep,Man.Item.No,Description,Qty
OP0010,IE0123064,EXHAUST PURGE LINE,1
OP0010,IE0123173,PLUG FOR PORT ½ TUBE,1
OP0020,IE0123064,EXHAUST PURGE LINE,1
OP0030,IE0123091,EXHAUST PURGE LINE ASSY,1
OP0030,IE0123272,N2 FRAME MOUNT ASSY,1
OP0030,IE0123173,PLUG FOR PORT ½ TUBE,1
OP0040,IE0123064,EXHAUST PURGE LINE ASSY,2
OP0040,IE0123091,EXHAUST PURGE LINE ASSY,2
OP0050,IE0123261,N2 FRAME MOUNT ASSY,1
OP0050,IE0123173,PLUG FOR PORT ½ TUBE,1
OP0060,IE0123272,N2 FRAME MOUNT ASSY,1
OP0060,IE0123173,PLUG FOR PORT ½ TUBE,1
OP0070,IE0123069,N2 FRAME MOUNT ASSY,1
OP0070,IE0123173,PLUG FOR PORT ½ TUBE,1
OP0080,IE0123069,N2 FRAME MOUNT ASSY,1
OP0090,IE0123090,1_2 INCH N2 TUBE COM ASSY,1
OP0090,IE0123272,N2 FRAME MOUNT ASSY,1
OP0090,IE0123173,PLUG FOR PORT ½ TUBE,1
OP0100,IE0123071,END USER SRC N2 COM ASSY,2
OP0110,IE0123321,EXHAUST PURGE LINE ASSY,1
OP0110,IE0123272,N2 FRAME MOUNT ASSY,1
OP0110,IE0123173,PLUG FOR PORT ½ TUBE,1
OP0120,IE0123097,EXHAUST PURGE LINE ASSY,1
OP0130,IE0123064,EXHAUST PURGE LINE,1
OP0130,IE0123209,½ INCH 370MM FLEXIBLE HOSE,1
OP0130,IE0123173,PLUG FOR PORT ½ TUBE,1
OP0140,IE0123272,N2 FRMAE MOUNT ASSY,1
OP0140,IE0123173,PLUG FOR PORT ½ TUBE,1
OP0150,IE0123318,N2 FRAME MOUNT ASSY,1
OP0150,IE0123276,N2 CMN FRAME MOUNT ASSY,1
OP0160,IE0123317,N2 FRAME MOUNT ASSY,1
OP0170,IE0123319,½ INCH N2 TUBE COMMON ASSY,1
OP0170,IE0123272,N2 FRAME MOUNT ASSY,1
OP0170,IE0123071,END USER SRC N2 COM ASSY,1
OP0180,IE0123095,½ INCH N2 TUBE COMMON ASSY,1
OP0180,IE0123071,END USER SRC N2 COM ASSY,2
OP0190,IE0123316,EXHAUST PURGE LINE,1
OP0190,IE0123071,END USER SRC N2 COM ASSY,1
OP0200,IE0113107,L BRACKET,12
OP0200,218181452,SCREW HX SS M10 * 25,30
OP0200,218983511,WSHR S-COIL M10 SS,30
OP0200,218980211,WSHR FORM B M10 MS NI,30
OP0200,IE0113106,ISO200 TOP PLATE,6
OP0220,IE0113304,ISO200 GATE VALVE VAT,6
OP0220,B27158081,ISO200 TRAPPED O RING VITON,6
OP0220,218072454,SCREW M10*35 HEX HD MS CP,72
OP0220,218983511,WSHR S-COIL M10 SS,72
OP0220,218981311,WSHR NORMAL SS M10,72
OP0220,IE0123165,MALE CONN 6MM TUBE 1/8 BSPT,6
OP0230,IE0113564,END USER WELDED BELLOW ISO200,6
OP0230,NXR206661,SPRING TENSIONER – SHORT,24
OP0230,NRE164461,SPRING TENSIONER,24
OP0230,IE0113949,SUPPORT BLOCK ASSY,12
OP0240,IE0113564,END USER WELDED BELLOW ISO200,1
OP0240,NXR206661,SPRING TENSIONER – SHORT,4
OP0240,NRE164461,SPRING TENSIONER,4
OP0240,IE0113949,SUPPORT BLOCK ASSY,2
OP0250,B28703055,SOLENOID VALVE KIT 24 VDC,6
OP0250,218231371,SCR CAP HD M6*20,12
OP0250,218983509,WSHR S-COIL M6 SS,12
OP0260,NRE188762,UNION TEE Ø6MM TUBE,12
OP0260, NRE188761,UNION ELBOW Ø6MM TUBE,6
OP0260,IE0123092,6MM NYLON TUBE BLACK,30
OP0260,-,LOTO VALVE ASSY’,6
OP0270,IE0123092,6MM NYLON TUBE BLACK,6
OP0270,IE0123143,6MM NYLON TUBE YELLOW,6
OP0270,218981309,WSHR NORM M6 SS,12
OP0270,218983509,WSHR S-COIL M6 SS,12
OP0270,218231371,SCR CAP HD M6*20 SS,12
OP0270,NRE188715,"S/STELL PIPR P-CLIP, 6MM",24
OP0280,NRE188762,UNION TEE Ø6MM TUBE,6
OP0280,IE0123092,6MM NYLON TUBE BLACK,6
OP0280,E08845076,BLANKING PLUG,1
OP0280,218981309,WSHR NORM M6 SS,6
OP0280,218983509,WSHR S-COIL M6 SS,6
OP0280,218231371,SCR CAP HD M6*20 SS,6
OP0280,NRE188715,"S/STELL PIPR P-CLIP, 6MM",12
OP0290,IE0123092,6MM NYLON TUBE BLACK,6
OP0290,NRE188762,UNION TEE Ø6MM TUBE,6
OP0290,218981309,WSHR NORM M6 SS,12
OP0290,218983509,WSHR S-COIL M6 SS,12
OP0290,218231371,SCR CAP HD M6*20 SS,12
OP0290,NRE188715,"S/STELL PIPR P-CLIP, 6MM",12
OP0300,NRE188761,UNION ELBOW Ø6MM TUBE,6
OP0300,IE0123092,6MM NYLON TUBE BLACK – 450mm,1
OP0300,E08845076,BLANKING PLUG,1
OP0310,IE0123092,6MM NYLON TUBE BLACK,6
OP0310,IE0123093,4MM NYLON TUBE BLUE,6
OP0310,E08845738,ADAPT 4MM STEM 6MM PUSHFIT,6
OP0310,NRE188761,UNION ELBOW Ø6MM TUBE,6
OP0320,IE0113142,GUIDE RAIL SUPPORT FRAME ASSY,4
OP0320,IE0113100,GUIDE RAIL SUPPORT FRAME ASSY,1
OP0320,218231172,SCR CAP HD M6*25 SS,20
OP0320,218983509,WSHR S-COIL M6 SS,20
OP0320,218980611,WSHR M6*25 OD MS NI PL,20
OP0330,IE0123145,6MM NYLON TUBE WHITE,6
OP0330,IE0123144,6MM NYLON TUBE GREEN,6
OP0330,NRE188715,"S/STELL PIPR P-CLIP, 6MM",36
OP0330,218981309,WSHR NORM M6 SS,18
OP0330,218983509,WSHR S-COIL M6 SS,18
OP0330,218231371,SCR CAP HD M6*20 SS,18
OP0340,NRE188715,"S/STELL PIPR P-CLIP, 6MM",12
OP0340,218231371,SCR CAP HD M6*20 SS,12
OP0340,218981309,WSHR NORM M6 SS,12
OP0340,218983509,WSHR S-COIL M6 SS,12
OP0350,NXR206764,¼ NPT QUICK CONNECT,12
OP0360,IE0123143,6MM NYLON TUBE YELLOW,6
OP0360,NRE188761,UNION ELBOW Ø6MM TUBE,6
OP0360,NRE188715,"S/STELL PIPR P-CLIP, 6MM",6
OP0360,IE0123207,TUBE INSERT FOR NYLON 6MM  - 4MM,6
OP0360,218981309,WSHR NORM M6 SS,6
OP0360,218983509,WSHR S-COIL M6 SS,6
OP0360,218231371,SCR CAP HD M6*20 SS,6
OP0370,IE0113652,NW40_50 REDUCING T JOINT,4
OP0370,IE0113026,EXH NW50 SPOOL 1420L,2
OP0370,IE0113297,NW50 SPOOL 620L,2
OP0370,C10516490,NW40 TRAPPED O RING VIT,4
OP0370,C10517501,NW50 CLAMP CU FREE UNIT PACK,10
OP0370,C10517490,NW50 TRAPPED O RING VITON,10
OP0370,C10517366,NW50 BLANKING FANGE S-S,2
OP0370,C10516501,NW40 CLAMP CU FREE UNIT PACK,4
OP0380,IE0113260,FAC WATER RETURN TEE PIPE,1
OP0380,IE0113255,FAC WATER RETURN TEE PIPE,1
OP0380,IE0113299,PCW PIPE ADAPTOR ASSY,2
OP0380,IE0113270,END USER PM WATER PIPE ASSY,2
OP0380,NXR206739,BS4825-4 SEAL TYPE B 2IN,8
OP0380,IE0123298,PCW PLUG ADAPTOR ASSY,2
OP0380,NXR206065,END USER WATER CAP KIT,2
OP0390,IE0113297,NW50 SPOOL 620L,2
OP0390,IE0113028,NW40_50 REDUCING ELBOW,2
OP0390,IE0113109,NW50_40 UNEQUAL TEE,2
OP0390,IE0113652,NW40_50 REDUCING T JOINT,4
OP0390,C10517501,NW50 CLAMP CU FREE UNIT PACK,10
OP0390,C10517490,NW50 TRAPPED O RING VITON,10
OP0390,C10516501,NW40 CLAMP CU FREE UNIT PACK,8
OP0390,C10516490,NW40 TRAPPED O RING VIT,8
OP0400,IE0113270,END USER WATER PIPE ASSY,2
OP0400,IE0113299,PCW PIPE ADAPTOR ASSY,4
OP0400,IE0123300,H-DIST WATER PIPE WMENT,1
OP0400,IE0113107,H-DIST WATER PIPE WMENT,1
OP0400,NXR206739,BS4825-4 SEAL TYPE B 2IN,14
OP0400,IE0123298,PCW PLUG ADAPTOR ASSY,2
OP0400,IE0113260,FAC WATER RETURN TEE PIPE,1
OP0400,IE0113255,FAC WATER RETURN TEE PIPE,1
OP0400,NXR206065,END USER WATER CAP KIT,2
OP0410,IE0113463,UNEQUAL 2 TEE SPOOL ISO100,1
OP0410,IE0113292,UNEQUAL 2 TEE SPOOL ISO100,2
OP0410,IE0113458,UNEQUAL 2 TEE SPOOL ISO100,1
OP0410,IE0113037,SPOOL ISO100,1
OP0410,IE0113469,ISO100 BELLOW ASSY,4
OP0410,B27158171,ISO100 TRAPPED O RING SEAL VIT,10
OP0410,C10009049,ISO100 BLANKING FLANGE,2
OP0410,C10007090,CLAW CLAMP ISO63-ISO250,30
OP0420,IE0113469,ISO100 BELLOW ASSY,2
OP0420,IE0113878,ISO100 STRAIGHT SPOOL 247MM,1
OP0420,IE0113879,ISO100 STRAIGHT SPOOL 381MM,1
OP0420,IE0113463,UNEQUAL 2 TEE SPOOL ISO100,1
OP0420,IE0113292,UNEQUAL 2 TEE SPOOL ISO100,1
OP0420,C10009049,ISO100 BLANKING FLANGE,2
OP0420,C10007090,CLAW CLAMP ISO63-ISO250,18
OP0420,B27158171,ISO100 TRAPPED O RING SEAL VIT,8
OP0420,218983510,WSHR S-COIL M8 SS,16
OP0420,218981310,WSHR NORM M8 SS,16
OP0420,218615119,SCR HX HD M8*30 SS,16
OP0430,NXR234677,NW40 3 WAY VALVE ADAPTOR BRKT,6
OP0430,E08821298,SWIVEL ELBOW 4MM - 1/4BSPP,6
OP0430,E08821205,SWIVEL ELBOW 6MM - 1/4BSPP,6
OP0430,NRY573250,"KIT, STANDARD RBV SPARE",6
OP0430,Y35201498,VPI SENSOR ASSY,6
OP0430,A28710006,CONFUGURABLE MULTI SENSOR PUCK,6
OP0430,A28710016,PUCK INSERT YELLOW,6
OP0440,IE0113634,NW40 3W VLV WELD SPL WITH NW16,6
OP0440,NKB902680,PIPE WELVMENT ASSY 85MM LG,6
OP0440,218091417,SCR CAP HD M8*50 SS,24
OP0440,218231411,SCR CAP HD M8*20 SS,24
OP0450,IE0113022,VALVE LINK PIPE ¼ IN 208LG,6
OP0450,IE0123185,BALL VALVE ¼,6
OP0450,IE0123172,PLUG FOR PORT ¼ TUBE,6
OP0450,IE0113019,EXP 3WAY LOTO VLV WELD SPOOL C,6
OP0450,IE0113023,NW40 BRAIDED BELLOWS 250MM,12
OP0450,IE0113020,EXP EXH BYPASS SPOOL NW40-B,6
OP0450,C10516490,NW40 TRAPPED O RING VIT,18
OP0450,C10516501,NW40 CLAMP CU FREE UNIT PACK,18
OP0460,C10512366,NW16 BLANKING FLANGE SS 316L,6
OP0460,C33255000,SPEEDVALVE SP16K VITON LIGHT,6
OP0460,C10512501,NW10/16 CLAMPING RING S/S,12
OP0460,C10512490,NW10/16 TRAPPED O RING,12
OP0470,NXP364765,PIPE CLAMP RUBBER LINE 32-39MM,12
OP0470,NRE164687,M10 PIPE CLAMP STUD 70MM,12
OP0470,218181411,SCR HX SS M8*20,12
OP0470,218981310,WSHR NORM M8 SS,12
OP0470,218981311,WSHR NORMAL SS M10,24
OP0470,218983511,WSHR S-COIL M10 SS,12
OP0470,218960911,NUT FULL M10 SS,12
OP0470,218983510,WSHR S-COIL M8 SS,12
OP0490,H05350069,3-8 BSP SS QUICK CONNECT-PLUG,6
OP0490,H05350068,3-8 BSP SS QUICK CONNECT-SOCT,6
OP0490,IE0123267,END USER PM MODULE WATER ASSY,3
OP0500,H05350069,3-8 BSP SS QUICK CONNECT-PLUG,6
OP0500,H05350068,3-8 BSP SS QUICK CONNECT-SOCT,6
OP0500,IE0123029,PM MODULE WATER ASSY,3
OP0510,B22426768,PIPE CLAMP 19MM PP,12
OP0510,218231375,SCR CAP HD M6*40 SS,24
OP0530,NKB869705,ISO100 BGV LOTO VALVE 24VAC/DC,2
OP0530,B27158171,ISO100 TRAPPED O RING SEAL VIT,2
OP0530,218181414,M8*35 SCR HX HD SS,8
OP0530,218981310,WSHR NORM M8 SS,16
OP0530,218981510,WSHR S COIL M8 SS,16
OP0530,218615119,SCR HX HD M8*30 SS,8
OP0540,IE0113035,COMMON SPOOL ISO 100,2
OP0540,B27158171,ISO100 TRAPPED O RING SEAL VIT,2
OP0540,218981310,WSHR NORM M8 SS,16
OP0540,218981510,WSHR S COIL M8 SS,16
OP0540,218615119,SCR HX HD M8*30 SS,16
OP0550,NKB869705,ISO100 BGV LOTO VALVE 24VAC/DC,2
OP0550,B27158171,ISO100 TRAPPED O RING SEAL VIT,2
OP0550,218181414,M8*35 SCR HX HD SS,8
OP0550,218981310,WSHR NORM M8 SS,16
OP0550,218981510,WSHR S COIL M8 SS,16
OP0550,218615119,SCR HX HD M8*30 SS,8
OP0560,B27158171,ISO100 TRAPPED O RING SEAL VIT,2
OP0560,C10007090,CLAW CLAMP ISO63 – ISO100,6
OP0560,IE0113471,ISO 100 BELLOW ASSY,2
OP0570,B27158171,ISO100 TRAPPED O RING SEAL VIT,2
OP0570,IE0113031,90 DEG ELBOW ISO 100,2
OP0570,218981310,WSHR NORM M8 SS,16
OP0570,218981510,WSHR S COIL M8 SS,16
OP0570,218615119,SCR HX HD M8*30 SS,16
OP0580,B27158171,ISO100 TRAPPED O RING SEAL VIT,4
OP0580,C10007090,CLAW CLAMP ISO63 – ISO100,12
OP0580,IE0113471,ISO 100 BELLOW ASSY,2
OP0580,IE0113300,SINGLE EXH 55 DEG ELBOW ISO100,2
OP0590,B27158171,ISO100 TRAPPED O RING SEAL VIT,2
OP0590,C10007090,CLAW CLAMP ISO63 – ISO100,6
OP0590,IE0113299,SINGLE EXH PIPE WELD ISO100,2
OP0590,B27158171,ISO100 TRAPPED O RING SEAL VIT,1
OP0590,C10007049,ISO63 BLANKING FLANGE,1
OP0590,C10007090,CLAW CLAMP ISO63 – ISO100,4
OP0590,B27158170,ISO63 TRAPPED O RING SEAL (V),1
OP0590,C10009049,ISO100 BLANKING FLANGE,1
OP0600,NKB869705,ISO100 BGV LOTO VALVE 24VAC/DC,4
OP0600,B27158171,ISO100 TRAPPED O RING SEAL VIT,4
OP0600,218181414,M8*35 SCR HX HD SS,16
OP0600,218981310,WSHR NORM M8 SS,32
OP0600,218981510,WSHR S COIL M8 SS,32
OP0600,218615119,SCR HX HD M8*30 SS,16
OP0610,IE0113035,COMMON SPOOL ISO 100,4
OP0610,B27158171,ISO100 TRAPPED O RING SEAL VIT,4
OP0610,218981310,WSHR NORM M8 SS,32
OP0610,218981510,WSHR S COIL M8 SS,32
OP0610,218615119,SCR HX HD M8*30 SS,32
OP0620,NKB869705,ISO100 BGV LOTO VALVE 24VAC/DC,4
OP0620,B27158171,ISO100 TRAPPED O RING SEAL VIT,4
OP0620,218181414,M8*35 SCR HX HD SS,16
OP0620,218981310,WSHR NORM M8 SS,32
OP0620,218981510,WSHR S COIL M8 SS,32
OP0620,218615119,SCR HX HD M8*30 SS,16
OP0630,B27158171,ISO100 TRAPPED O RING SEAL VIT,4
OP0630,C10007090,CLAW CLAMP ISO63 – ISO100,12
OP0630,IE0113471,ISO 100 BELLOW ASSY,4
OP0640,B27158171,ISO100 TRAPPED O RING SEAL VIT,4
OP0640,IE0113031,90 DEG ELBOW ISO 100,4
OP0640,218981310,WSHR NORM M8 SS,32
OP0640,218981510,WSHR S COIL M8 SS,32
OP0640,218615119,SCR HX HD M8*30 SS,32
OP0650,B27158171,ISO100 TRAPPED O RING SEAL VIT,8
OP0650,C10007090,CLAW CLAMP ISO63 – ISO100,24
OP0650,IE0113471,ISO 100 BELLOW ASSY,4
OP0650,IE0113030,55 DEG ELBOW ISO100,4
OP0660,IE0113644,SRC DP ISO100 ELBOW,3
OP0660,B27158171,ISO100 TRAPPED O RING SEAL VIT,4
OP0660,C10007090,CLAW CLAMP ISO63 – ISO100,12
OP0660,IE0113036,PIPE WITH WELDED ISO 100,1
OP0680,IE0113144,GUIDE RAIL SUPPORT BRKT ASSY,12
OP0680,IE0113143,EUV GUIDE RAIL SUPPORT BRKT,12
OP0680,218181452,SCREW HX M10*25,48
OP0680,218983511,WSHR S-COIL M10 SS,48
OP0680,218981311,WSHR NORMAL SS M10,48
OP0690,IE0113514,UPR BOOSTER SUPP ASSY LH LONG,6
OP0690,IE0113516,UPR BOOSTER SUPP ASSY RH LONG,6
OP0690,218231412,SCR CAP HD M8*25 SS,36
OP0690,218981310,WSHR NORM M8 SS,36
OP0690,218983510,WSHR S-COIL M8 SS,36
OP0700,IE0114063,PUMP DRIP TRAY ASSY,6
OP0700,IE0114065,WBP DRIP TRAY ASSY,2
OP0710,IE0113174,SEISMIC BRACKET ASSY,12
OP0710,218091454,SCREW M10*35 SOC HD CAP HT GR12.9,24
OP0710,218983511,WSHR S-COIL M10 SS,24
OP0710,218981311,WSHR NORMAL SS M10,24
OP0710,218091416,SCR CAP HD M8*45 SS,24
OP0710,218983510,WSHR S-COIL M8 SS,24
OP0710,218981310,WSHR NORM M8 SS,24
OP0720,IE0113099,GAS DETECTOR COVER,6
OP0720,IE0143138,EPDM TAPE 3MM THICK,12
OP0720,218231370,SCR CAP HD M6*16 SS,18
OP0720,218981309,WSHR NORM M6 SS,18
OP0730,NKB869702,RIKEN GD-70D 4-20 CATALYTIC,6
OP0730,IE0113098,GAS SENSOR MOUNTING BRKT,6
OP0730,218681045,SEM CAP HD SKT M5*15 GR10.9,24
OP0740,NKB901030,NEW CABINET EXTRACT INTERLOCK,6
OP0740,218820004,NUT KEPS M5 MS ZN CPAS,12
OP0750,IE0113381,GAS DETECTOR COVER,6
OP0750,218681030,SOC HD SEM M6*16 ENP GR12.9,12
OP0750,218231370,SCR CAP HD M6*16 SS,12
OP0750,218681022,SCR SEM SOC HD CAP M6*16 ENP,12
OP0750,NKB905814,SEM CAP HD SKT M6*30,18
OP0760,IE0123092,6MM NYLON TUBE BLACK – 50 mm,12
OP0760,NRE188761,UNION ELBOW Ø6MM TUBE,6
OP0760,-,MICRO FILTER ASSY,6
OP0760,IE0123145,6MM NYLON TUBE WHITE – 1200 mm,6
OP0760,IE0123092,6MM NYLON TUBE BLACK – 1100 mm,6
OP0770,NRE188715,"S/STELL PIPR P-CLIP, 6MM",24
OP0770,218681022,SCR SEM SOC HD CAP M6*16,12
OP0780,NRE188715,"S/STELL PIPR P-CLIP, 6MM",24
OP0780,218681022,SCR SEM SOC HD CAP M6*16,18
OP0780,,6MM NYLON TUBE WHITE – 1600 mm,6
OP0780,,6MM NYLON TUBE BLACK – 1600 mm,6
OP0790,NKB832708,PUSH IN STRAIGHT UNION 6MM,12
OP0800,IE0113761,REAR UPPER PANEL ASSY,2
OP0800,IE0113759,REAR LOWER PANEL ASSY,2
OP0800,IE0113751,REAR UPPER LH PANEL ASSY,3
OP0800,IE0113747,REAR UPPER RH PANEL ASSY,3
OP0800,IE0113749,REAR LOWER LH PANEL ASSY,3
OP0800,IE0113745,REAR LOWER RH PANEL ASSY,3
OP0800,218681022,SCREW SEM SOC HD CAP M6*16 ENP,64
OP0810,IE0113778,LEFT SIDE UPR LS PNL ASSY,1
OP0810,IE0113885,COMM UPR MID SIDE PANEL ASSY,1
OP0810,IE0113891,LEFT SIDE UPR RS PNL ASSY,1
OP0810,IE0113890,LEFT SIDE LWR LS PNL ASSY,1
OP0810,IE0113884,COMM LWR MID SIDE PANEL ASSY,1
OP0810,IE0113892,LEFT SIDE LWR RS PNL ASSY,1
OP0810,IE0113280,DOOR JAMB END COVER ASSY,1
OP0810,218231377,SCR CAP HD M6*50 SS,4
OP0810,218981309,WSHR NORM M6 SS,4
OP0810,218983509,WSHR S-COIL M6 SS,4
OP0810,218091376,SCR CAP HD M6*45 MS NI,24
OP0820,IE0113882,FRONT UPR RH SIDE PANEL ASSY,1
OP0820,IE0113885,COMM UPR MID SIDE PANEL ASSY,1
OP0820,IE0113781,BACK UPR RH SIDE PANEL ASSY,1
OP0820,IE0113883,FRONT LWR RH SIDE PANEL ASSY,1
OP0820,IE0113884,COMM LWR MID SIDE PANEL ASSY,1
OP0820,IE0113773,BACK LWR RH SIDE PANEL ASSY,1
OP0820,IE0113775,END CORNER ASSY - RHS,1
OP0820,218231377,SCR CAP HD M6*50 SS,4
OP0820,218981309,WSHR NORM M6 SS,4
OP0820,218983509,WSHR S-COIL M6 SS,4
OP0820,218091376,SCR CAP HD M6*45 MS NI,24
OP0830,IE0113841,GEN TOP TRUNKING COVER ASSY,2
OP0830,IE0113081,TOP CABLE DUCT COVER ASSY,4
OP0830,218681022,SCREW SEM SOC HD CAP M6*16 ENP,5
OP0830,218002371,SCREW M6 HEX HD MS*20 LG N/P,1
OP0830,218981309,WSHR NORM M6 SS,1
OP0830,218983509,WSHR S-COIL M6 SS,1
OP0840,IE0113623,TOP ELEC LV COVER ASSY,6
OP0840,NKB905810,SEM CAP HD SKT M6*20,42
OP0850,IE0113796,TOP ELEC HV COVER ASSY LH,3
OP0850,IE0113822,PM TOP ELEC HV COVER ASSY,2
OP0850,IE0113820,TOP ELEC HV COVER ASSY,2
OP0850,NKB905810,SEM CAP HD SKT M6*20,36
OP0860,IE0113798,TOP ELEC HV COVER ASSY LH,6
OP0860,NKB905810,SEM CAP HD SKT M6*20,24
OP0870,IE0113422,PUMP FUSEBOX FRONT COVER ASSY,6
OP0870,218960310,NUT FULL M6 SS,24
OP0870,218981309,WSHR NORM M6 SS,24
OP0870,218983509,WSHR S-COIL M6 SS,24
OP0870,IE0113814,PM FUSEBOX FORNT RH COVER ASSY,1
OP0870,IE0113794,PM FUSEBOX FORNT LH COVER ASSY,5
OP0870,NKB905810,SEM CAP HD SKT M6*20,24
OP0880,IE0113785,PUMP FUSEBOX BACK COVER ASSY,6
OP0880,IE0113816,PM FUSEBOX BACK RH COVER ASSY,1
OP0880,IE0113792,PM FUSEBOX BACK LH COVER ASSY,5
OP0880,218681022,SCREW SEM SOC HD CAP M6*16 ENP,24
OP0880,NKB905810,SEM CAP HD SKT M6*20,30
OP0890,IE0113818,END USER DUAL P TOP COVER ASSY,1
OP0890,IE0113786,END USER PUMP TOP COVER ASSY,5
OP0890,NKB905810,SEM CAP HD SKT M6*20,18
OP0900,IE0113788,LH PUMP FUSEBOX COVER ASSY,6
OP0900,IE0113790,END USER PUMP RH F/B COVER ASSY,6
OP0900,NKB905810,SEM CAP HD SKT M6*20,48
OP0910,IE0113742,FRONT DOOR LH PILLAR ASSY,5
OP0910,IE0113738,FRONT DOOR RH PILLAR ASSY,3
OP0910,218231371,SCR CAP HD M6*20 SS,32
OP0910,218981309,WSHR NORM M6 SS,32
OP0910,218983509,WSHR S-COIL M6 SS,32
OP0920,IE0113756,SINGLE PUMP FRONT DOOR ASSY,2
OP0920,IE0113739,FRONT DOOR LH CMN ASSY,3
OP0920,IE0113754,PUMP FRONT DOOR RH ASSY,1
OP0930,NRY47V715,1IN FLAP SEAL EPDM/PVC ,1
OP0940,IE0113998,BUSBAR GAP COVER ASSY,5
OP0940,218231372,SCR CAP HD M6*25 SS,30
OP0940,218980611,WSHR M6*25 OD MS NI PL,30
OP0940,218983509,SINGLE COIL WASHER M6,30
OP0950,C10512366,FLANGE BLANK NW16 ST/ST PACK,6
OP0950,C10512501,NW10/16 CLAMPING RING S/S,24
OP0950,C10512490,NW10/16 TRAPPED O RING,24
OP0950,IE0113474,LOAD LOCK TRANSDUCER,6
OP0950,IE0114222,NW16 HOT SWAP T PORT,6
OP0950,C33255000,SPEEDIVALVE SP16L VITON LIGHT,6
